{
    "mse": 0.013194,
    "r2": 0.673169
}